time,request,,,act_torque,psi,Iq_ref
0,740.7407407,,,2,0.9,0.740740741
3,1851.851852,,,5,0.9,1.851851852
6,3703.703704,,,10,0.9,3.703703704
9,0,,,,,
