{
  "settings": {
    "motor_type": 1,
    "sensor": 3,
    "motor_connection": 1,
    "sampling_timing": 0,
    "mode": 0,
    "sensored_control": 1,
    "Fs_trq": 5,
    "Fs_speed": 5,
    "Fswitching": 2,
    "zero_sequence": 2,
    "Imax_ph": 6.0,
    "Inom_ph": 3.0,
    "I_o_ph": 3.0,
    "overload_interval": 10.0,
    "overload_limiter": 0.699999988079071,
    "t_drop": 1.7999999523162842,
    "motor_temp_derate_thres": 155.0,
    "motor_temp_max_thres": 160.0,
    "igbt_temp_derate_thres": 55.0,
    "igbt_temp_max_thres": 80.0,
    "v_base": 325.2691345214844,
    "I_base": 5.0911688804626465,
    "no_load_rpm": 1500,
    "nom_rpm": 1500,
    "max_rpm": 2000,
    "min_rpm": -2000,
    "Rs": 4.300000190734863,
    "Rr": 2.299999952316284,
    "Lls": 0.020800000056624413,
    "Llr": 0.020800000056624413,
    "Lm": 0.3353999853134155,
    "Lsig": 0.041600000113248825,
    "psi_nom": 0.8899999856948853,
    "psi_min": 0.17800000309944153,
    "J": 0.10000000149011612,
    "b": 0.0,
    "np": 2.0,
    "Ld": 0.0005000000237487257,
    "Lq": 0.0005000000237487257,
    "max_trq_num": 1000,
    "cc_trise": 0.003000000026077032,
    "spdc_trise": 0.6000000238418579,
    "mcm_trise": 0.05999999865889549,
    "scvm_trise": 0.05999999865889549,
    "fw_trise": 0.019999999552965164,
    "current_ramp_time": 100.0,
    "velocity_ramp_time": 500.0,
    "spd_ref_offset": 200.0,
    "low_rpm_thres": 3000.0,
    "min_freq": 0.0,
    "max_power": 45.0,
    "min_power": -45.0,
    "voltage_trise": 0.009999999776482582,
    "voltage_tfall": 0.009999999776482582,
    "ocd_thres": 25.0,
    "overvoltage_thres": 80.0,
    "undervoltage_thres": 10.0,
    "ma1max": 1.150081753730774,
    "ma3": 0.19168028235435486,
    "mcu_max_temp": 120.0,
    "wh1_timeout_thres": 20000,
    "warning_interval": 5000,
    "error_reset_interval": 5000,
    "startup_time": 1000,
    "mcu_reset_interval": 10000,
    "params_init_key": 1122867
  },
  "meta": {
    "saved_at": "2025-11-05T14:24:46",
    "app": "Settings Programmer GUI",
    "schema": {
      "frame_size": 1024,
      "struct_size": 237,
      "endianness": "<"
    },
    "notes": "stable generally for all control methods.\nslow speed control.\ngood for sensorless."
  }
}