{
  "settings": {
    "motor_type": 1,
    "sensor": 3,
    "motor_connection": 1,
    "sampling_timing": 0,
    "mode": 0,
    "sensored_control": 1,
    "Fs_trq": 20,
    "Fs_speed": 5,
    "Fswitching": 10,
    "zero_sequence": 2,
    "Imax_ph": 6.0,
    "Inom_ph": 5.0,
    "I_o_ph": 5.0,
    "overload_interval": 10.0,
    "overload_limiter": 0.699999988,
    "t_drop": 1.79999995,
    "motor_temp_derate_thres": 160.0,
    "motor_temp_max_thres": 160.0,
    "igbt_temp_derate_thres": 55.0,
    "igbt_temp_max_thres": 80.0,
    "v_base": 325.269135,
    "I_base": 5.09116888,
    "no_load_rpm": 1500,
    "nom_rpm": 1500,
    "max_rpm": 2000,
    "min_rpm": -2000,
    "Rs": 4.30000019,
    "Rr": 2.29999995,
    "Lls": 0.0208000001,
    "Llr": 0.0208000001,
    "Lm": 0.335399985,
    "Lsig": 0.0416000001,
    "psi_nom": 0.889999986,
    "psi_min": 0.178000003,
    "J": 0.100000001,
    "b": 0.0,
    "np": 2.0,
    "Ld": 0.000500000024,
    "Lq": 0.000500000024,
    "max_trq_num": 1000,
    "cc_trise": 0.00300000003,
    "spdc_trise": 0.200000003,
    "mcm_trise": 0.0599999987,
    "scvm_trise": 0.0599999987,
    "fw_trise": 0.0199999996,
    "current_ramp_time": 100.0,
    "velocity_ramp_time": 100.0,
    "spd_ref_offset": 200.0,
    "low_rpm_thres": 3000.0,
    "min_freq": 0.0,
    "max_power": 45.0,
    "min_power": -45.0,
    "voltage_trise": 0.00999999978,
    "voltage_tfall": 0.00999999978,
    "ocd_thres": 25.0,
    "overvoltage_thres": 350.0,
    "undervoltage_thres": 20.0,
    "ma1max": 1.15008175,
    "ma3": 0.191680282,
    "mcu_max_temp": 120.0,
    "dtclut_flux_hyst": 0.00999999978,
    "dtclut_trq_hyst": 0.5,
    "dtclut_trq_hyst_prcnt": 10,
    "dtclut_trq_hyst_max": 5.0,
    "dtclut_trq_hyst_min": 0.100000001,
    "dtclut_use_prcnt_trq_hyst": 1,
    "dtcsvm_Kp_flux": 2000.0,
    "dtcsvm_Ki_flux": 1000.0,
    "dtcsvm_Kp_trq": 20.0,
    "dtcsvm_Ki_trq": 5000.0,
    "dtcsvm_use_i_x_r": 0,
    "dtcsvm_use_dec": 0,
    "dtc_lamda": 0.300000012,
    "wh1_timeout_thres": 20000,
    "warning_interval": 5000,
    "error_reset_interval": 5000,
    "startup_time": 1000,
    "mcu_reset_interval": 10000,
    "data_logger_ts_div": 1,
    "params_init_key": 1122867
  },
  "meta": {
    "saved_at": "2025-11-07T17:19:41",
    "app": "Inverter GUI \u2014 PySide6",
    "schema": {
      "frame_size": 16384,
      "endianness": "<"
    }
  }
}